year,team,WSWin,R,AB,H,2B,3B,HR,BB,SO
2020,SK,0,252,2180,529,64,10,56,272,447
2020,HH,0,223,2156,517,91,3,35,259,490
2020,KT,0,366,2272,661,110,11,74,225,371
2020,LT,0,307,2166,594,113,2,53,199,421
2020,SS,0,346,2197,603,114,5,61,239,401
2020,NC,0,403,2237,649,118,11,89,227,463
2020,LG,0,348,2211,617,109,11,60,204,451
2020,OB,0,395,2285,691,121,10,62,213,423
2020,HT,0,311,2097,578,98,4,66,189,460
2020,WO,0,370,2259,612,110,16,75,182,425
